Route,YearMonth,TotalFareCounts
1,2023-01,"18,428.00"
1,2023-02,"17,232.00"
1,2023-03,"19,974.00"
1,2023-04,"19,433.00"
1,2023-05,"21,871.00"
1,2023-06,"20,843.00"
1,2023-07,"19,623.00"
1,2023-08,"21,705.00"
1,2023-09,"22,046.00"
1,2023-10,"23,394.00"
1,2023-11,"20,887.00"
1,2023-12,"18,392.00"
1,2024-01,"17,788.00"
1,2024-02,"20,127.00"
1,2024-03,"21,900.00"
1,2024-04,"23,156.00"
1,2024-05,"23,242.00"
1,2024-06,"23,089.00"
1,2024-07,"22,844.00"
1,2024-08,"24,486.00"
1,2024-09,"22,698.00"
1,2024-10,"25,986.00"
1,2024-11,"22,151.00"
1,2024-12,"20,994.00"
1,2025-01,"22,611.00"
1,2025-02,"21,088.00"
1,2025-03,"23,494.00"
1,2025-04,"23,818.00"
1,2025-05,"23,538.00"
1,2025-06,"22,446.00"
1,2025-07,"23,102.00"
1,2025-08,"23,288.00"
1,2025-09,"24,001.00"
1,2025-10,"25,964.00"
1,2025-11,"21,457.00"
1,2025-12,"20,392.00"
1,2026-01,"21,673.00"
1,2026-02,"21,712.00"
1,2026-03,"24,329.00"
1,2026-04,"23,496.00"
1,2026-05,"23,887.00"
1,2026-06,"25,207.00"
1,2026-07,"19,411.00"
10,2024-08,378
10,2024-09,"1,747.00"
10,2024-10,"1,872.00"
10,2024-11,"1,486.00"
10,2024-12,"1,356.00"
10,2025-01,"1,556.00"
10,2025-02,"1,681.00"
10,2025-03,"1,720.00"
10,2025-04,"1,795.00"
10,2025-05,"2,027.00"
10,2025-06,"1,491.00"
10,2025-07,"1,380.00"
10,2025-08,"1,548.00"
10,2025-09,"1,839.00"
10,2025-10,"2,274.00"
10,2025-11,"1,591.00"
10,2025-12,"1,510.00"
10,2026-01,"1,478.00"
10,2026-02,"1,547.00"
10,2026-03,"1,706.00"
10,2026-04,"1,673.00"
10,2026-05,"1,826.00"
10,2026-06,"1,690.00"
10,2026-07,"1,436.00"
123,2023-01,"12,252.00"
123,2023-02,"11,528.00"
123,2023-03,"13,367.00"
123,2023-04,"13,107.00"
123,2023-05,"14,495.00"
123,2023-06,"13,976.00"
123,2023-07,"13,198.00"
123,2023-08,"13,597.00"
123,2023-09,"14,298.00"
123,2023-10,"14,752.00"
123,2023-11,"13,389.00"
123,2023-12,"13,038.00"
123,2024-01,"12,656.00"
123,2024-02,"13,750.00"
123,2024-03,"14,477.00"
123,2024-04,"14,392.00"
123,2024-05,"14,563.00"
123,2024-06,"14,352.00"
123,2024-07,"13,224.00"
123,2024-08,"14,761.00"
123,2024-09,"15,324.00"
123,2024-10,"16,466.00"
123,2024-11,"12,006.00"
123,2024-12,"12,749.00"
123,2025-01,"13,329.00"
123,2025-02,"12,786.00"
123,2025-03,"15,126.00"
123,2025-04,"15,048.00"
123,2025-05,"15,164.00"
123,2025-06,"14,009.00"
123,2025-07,"13,863.00"
123,2025-08,"13,883.00"
123,2025-09,"14,369.00"
123,2025-10,"15,283.00"
123,2025-11,"13,833.00"
123,2025-12,"13,506.00"
123,2026-01,"13,561.00"
123,2026-02,"12,966.00"
123,2026-03,"14,739.00"
123,2026-04,"14,221.00"
123,2026-05,"14,714.00"
123,2026-06,"14,169.00"
123,2026-07,"10,920.00"
170,2023-01,"1,727.00"
170,2023-02,"1,473.00"
170,2023-03,"1,698.00"
170,2023-04,"1,501.00"
170,2023-05,"1,757.00"
170,2023-06,"1,575.00"
170,2023-07,"1,316.00"
170,2023-08,"1,704.00"
170,2023-09,"1,831.00"
170,2023-10,"1,926.00"
170,2023-11,"1,829.00"
170,2023-12,"1,432.00"
170,2024-01,"1,449.00"
170,2024-02,"1,529.00"
170,2024-03,"1,644.00"
170,2024-04,"1,611.00"
170,2024-05,"1,516.00"
170,2024-06,"1,498.00"
170,2024-07,"1,405.00"
170,2024-08,"1,471.00"
170,2024-09,"1,900.00"
170,2024-10,"2,078.00"
170,2024-11,"1,842.00"
170,2024-12,"1,452.00"
170,2025-01,"1,632.00"
170,2025-02,"1,458.00"
170,2025-03,"1,607.00"
170,2025-04,"1,790.00"
170,2025-05,"1,650.00"
170,2025-06,"1,534.00"
170,2025-07,"1,597.00"
170,2025-08,"1,610.00"
170,2025-09,"2,106.00"
170,2025-10,"2,660.00"
170,2025-11,"2,116.00"
170,2025-12,"1,875.00"
170,2026-01,"2,177.00"
170,2026-02,"2,219.00"
170,2026-03,"2,523.00"
170,2026-04,"2,442.00"
170,2026-05,"2,532.00"
170,2026-06,"2,040.00"
170,2026-07,"1,592.00"
2,2025-06,455
2,2025-07,"1,029.00"
2,2025-08,"1,144.00"
2,2025-09,"1,950.00"
2,2025-10,"2,474.00"
2,2025-11,"1,588.00"
2,2025-12,"1,466.00"
2,2026-01,"2,083.00"
2,2026-02,"2,019.00"
2,2026-03,"2,286.00"
2,2026-04,"2,325.00"
2,2026-05,"2,225.00"
2,2026-06,"2,134.00"
2,2026-07,"1,879.00"
20,2023-01,"4,978.00"
20,2023-02,"4,807.00"
20,2023-03,"5,879.00"
20,2023-04,"5,308.00"
20,2023-05,"6,059.00"
20,2023-06,"5,153.00"
20,2023-07,"4,153.00"
20,2023-08,"4,847.00"
20,2023-09,"5,737.00"
20,2023-10,"6,257.00"
20,2023-11,"5,459.00"
20,2023-12,"4,439.00"
20,2024-01,"4,612.00"
20,2024-02,"5,061.00"
20,2024-03,"5,307.00"
20,2024-04,"5,413.00"
20,2024-05,"5,833.00"
20,2024-06,"4,990.00"
20,2024-07,"4,461.00"
20,2024-08,"5,297.00"
20,2024-09,"6,668.00"
20,2024-10,"7,623.00"
20,2024-11,"5,450.00"
20,2024-12,"5,308.00"
20,2025-01,"6,067.00"
20,2025-02,"5,686.00"
20,2025-03,"5,897.00"
20,2025-04,"5,786.00"
20,2025-05,"6,163.00"
20,2025-06,"5,075.00"
20,2025-07,"4,375.00"
20,2025-08,"4,402.00"
20,2025-09,"5,959.00"
20,2025-10,"6,450.00"
20,2025-11,"5,277.00"
20,2025-12,"4,661.00"
20,2026-01,"5,376.00"
20,2026-02,"5,255.00"
20,2026-03,"5,991.00"
20,2026-04,"6,159.00"
20,2026-05,"6,202.00"
20,2026-06,"5,468.00"
20,2026-07,"4,300.00"
225,2023-01,"9,921.00"
225,2023-02,"8,848.00"
225,2023-03,"9,722.00"
225,2023-04,"9,790.00"
225,2023-05,"10,631.00"
225,2023-06,"9,810.00"
225,2023-07,"8,824.00"
225,2023-08,"8,932.00"
225,2023-09,"10,574.00"
225,2023-10,"11,957.00"
225,2023-11,"10,120.00"
225,2023-12,"8,473.00"
225,2024-01,"9,293.00"
225,2024-02,"10,673.00"
225,2024-03,"11,034.00"
225,2024-04,"11,969.00"
225,2024-05,"12,021.00"
225,2024-06,"10,835.00"
225,2024-07,"10,024.00"
225,2024-08,"10,412.00"
225,2024-09,"11,523.00"
225,2024-10,"12,992.00"
225,2024-11,"10,356.00"
225,2024-12,"8,572.00"
225,2025-01,"11,401.00"
225,2025-02,"10,851.00"
225,2025-03,"12,337.00"
225,2025-04,"13,676.00"
225,2025-05,"13,472.00"
225,2025-06,"11,737.00"
225,2025-07,"10,533.00"
225,2025-08,"10,085.00"
225,2025-09,"11,927.00"
225,2025-10,"13,338.00"
225,2025-11,"10,320.00"
225,2025-12,"9,317.00"
225,2026-01,"11,791.00"
225,2026-02,"11,502.00"
225,2026-03,"12,645.00"
225,2026-04,"12,662.00"
225,2026-05,"13,209.00"
225,2026-06,"11,832.00"
225,2026-07,"8,847.00"
240,2025-06,489
240,2025-07,939
240,2025-08,"1,020.00"
240,2025-09,"1,148.00"
240,2025-10,"1,377.00"
240,2025-11,945
240,2025-12,924
240,2026-01,"1,057.00"
240,2026-02,"1,039.00"
240,2026-03,"1,232.00"
240,2026-04,"1,390.00"
240,2026-05,"1,346.00"
240,2026-06,"1,569.00"
240,2026-07,"1,201.00"
25,2023-01,"2,754.00"
25,2023-02,"2,494.00"
25,2023-03,"3,082.00"
25,2023-04,"2,806.00"
25,2023-05,"3,137.00"
25,2023-06,"2,551.00"
25,2023-07,"2,227.00"
25,2023-08,"2,359.00"
25,2023-09,"2,785.00"
25,2023-10,"2,811.00"
25,2023-11,"2,592.00"
25,2023-12,"2,274.00"
25,2024-01,"2,320.00"
25,2024-02,"2,461.00"
25,2024-03,"2,577.00"
25,2024-04,"2,698.00"
25,2024-05,"2,797.00"
25,2024-06,"2,453.00"
25,2024-07,"2,274.00"
25,2024-08,"2,448.00"
25,2024-09,"2,723.00"
25,2024-10,"3,319.00"
25,2024-11,"2,785.00"
25,2024-12,"2,615.00"
25,2025-01,"2,795.00"
25,2025-02,"2,556.00"
25,2025-03,"2,983.00"
25,2025-04,"3,066.00"
25,2025-05,"3,259.00"
25,2025-06,"2,516.00"
25,2025-07,"2,515.00"
25,2025-08,"2,459.00"
25,2025-09,"2,819.00"
25,2025-10,"2,950.00"
25,2025-11,"2,577.00"
25,2025-12,"2,543.00"
25,2026-01,"2,669.00"
25,2026-02,"2,563.00"
25,2026-03,"2,906.00"
25,2026-04,"2,843.00"
25,2026-05,"2,802.00"
25,2026-06,"2,728.00"
25,2026-07,"2,227.00"
26,2023-01,"6,393.00"
26,2023-02,"6,158.00"
26,2023-03,"7,002.00"
26,2023-04,"6,091.00"
26,2023-05,"6,829.00"
26,2023-06,"6,858.00"
26,2023-07,"5,757.00"
26,2023-08,"6,330.00"
26,2023-09,"7,628.00"
26,2023-10,"8,525.00"
26,2023-11,"7,217.00"
26,2023-12,"6,023.00"
26,2024-01,"6,435.00"
26,2024-02,"6,863.00"
26,2024-03,"7,174.00"
26,2024-04,"7,287.00"
26,2024-05,"7,123.00"
26,2024-06,"7,073.00"
26,2024-07,"6,503.00"
26,2024-08,"7,044.00"
26,2024-09,"8,363.00"
26,2024-10,"8,675.00"
26,2024-11,"6,635.00"
26,2024-12,"5,900.00"
26,2025-01,"7,073.00"
26,2025-02,"6,493.00"
26,2025-03,"7,288.00"
26,2025-04,"7,496.00"
26,2025-05,"7,256.00"
26,2025-06,"6,921.00"
26,2025-07,"6,233.00"
26,2025-08,"6,396.00"
26,2025-09,"8,785.00"
26,2025-10,"9,591.00"
26,2025-11,"7,127.00"
26,2025-12,"6,011.00"
26,2026-01,"6,611.00"
26,2026-02,"6,443.00"
26,2026-03,"7,003.00"
26,2026-04,"6,951.00"
26,2026-05,"6,389.00"
26,2026-06,"6,681.00"
26,2026-07,"5,761.00"
27,2025-12,72
27,2026-01,229
27,2026-02,350
27,2026-03,385
27,2026-04,356
27,2026-05,389
27,2026-06,355
27,2026-07,290
3,2023-01,"16,862.00"
3,2023-02,"15,651.00"
3,2023-03,"17,797.00"
3,2023-04,"16,305.00"
3,2023-05,"20,126.00"
3,2023-06,"17,288.00"
3,2023-07,"14,051.00"
3,2023-08,"15,323.00"
3,2023-09,"18,775.00"
3,2023-10,"21,473.00"
3,2023-11,"18,469.00"
3,2023-12,"16,792.00"
3,2024-01,"15,713.00"
3,2024-02,"19,508.00"
3,2024-03,"20,863.00"
3,2024-04,"20,974.00"
3,2024-05,"22,402.00"
3,2024-06,"18,522.00"
3,2024-07,"17,126.00"
3,2024-08,"19,059.00"
3,2024-09,"22,158.00"
3,2024-10,"25,344.00"
3,2024-11,"17,404.00"
3,2024-12,"16,468.00"
3,2025-01,"19,351.00"
3,2025-02,"17,852.00"
3,2025-03,"22,703.00"
3,2025-04,"23,458.00"
3,2025-05,"24,452.00"
3,2025-06,"20,137.00"
3,2025-07,"15,994.00"
3,2025-08,"17,371.00"
3,2025-09,"20,331.00"
3,2025-10,"21,814.00"
3,2025-11,"18,716.00"
3,2025-12,"17,574.00"
3,2026-01,"18,799.00"
3,2026-02,"16,957.00"
3,2026-03,"21,352.00"
3,2026-04,"20,654.00"
3,2026-05,"21,386.00"
3,2026-06,"19,841.00"
3,2026-07,"15,809.00"
40,2023-01,"4,795.00"
40,2023-02,"4,740.00"
40,2023-03,"5,413.00"
40,2023-04,"4,890.00"
40,2023-05,"6,450.00"
40,2023-06,"6,325.00"
40,2023-07,"6,463.00"
40,2023-08,"6,764.00"
40,2023-09,"7,141.00"
40,2023-10,"8,093.00"
40,2023-11,"7,743.00"
40,2023-12,"6,922.00"
40,2024-01,"6,429.00"
40,2024-02,"7,750.00"
40,2024-03,"8,418.00"
40,2024-04,"7,899.00"
40,2024-05,"8,497.00"
40,2024-06,"8,680.00"
40,2024-07,"8,541.00"
40,2024-08,"9,144.00"
40,2024-09,"9,367.00"
40,2024-10,"10,013.00"
40,2024-11,"8,591.00"
40,2024-12,"7,793.00"
40,2025-01,"8,369.00"
40,2025-02,"7,675.00"
40,2025-03,"9,342.00"
40,2025-04,"9,206.00"
40,2025-05,"9,663.00"
40,2025-06,"9,812.00"
40,2025-07,"9,977.00"
40,2025-08,"9,968.00"
40,2025-09,"9,764.00"
40,2025-10,"10,414.00"
40,2025-11,"9,043.00"
40,2025-12,"8,263.00"
40,2026-01,"8,341.00"
40,2026-02,"7,909.00"
40,2026-03,"9,735.00"
40,2026-04,"9,235.00"
40,2026-05,"9,980.00"
40,2026-06,"10,000.00"
40,2026-07,"7,751.00"
41,2023-01,"2,302.00"
41,2023-02,"2,191.00"
41,2023-03,"2,673.00"
41,2023-04,"2,466.00"
41,2023-05,"2,870.00"
41,2023-06,"2,701.00"
41,2023-07,"2,122.00"
41,2023-08,"2,430.00"
41,2023-09,"2,848.00"
41,2023-10,"3,096.00"
41,2023-11,"2,823.00"
41,2023-12,"2,523.00"
41,2024-01,"2,657.00"
41,2024-02,"3,010.00"
41,2024-03,"3,147.00"
41,2024-04,"3,229.00"
41,2024-05,"3,459.00"
41,2024-06,"3,004.00"
41,2024-07,"2,803.00"
41,2024-08,"3,249.00"
41,2024-09,"3,502.00"
41,2024-10,"3,820.00"
41,2024-11,"3,419.00"
41,2024-12,"2,930.00"
41,2025-01,"3,266.00"
41,2025-02,"2,690.00"
41,2025-03,"3,513.00"
41,2025-04,"3,708.00"
41,2025-05,"3,793.00"
41,2025-06,"2,174.00"
41,2025-07,"1,137.00"
41,2025-08,"1,245.00"
41,2025-09,"1,924.00"
41,2025-10,"2,313.00"
41,2025-11,"1,792.00"
41,2025-12,"1,772.00"
41,2026-01,"2,028.00"
41,2026-02,"1,957.00"
41,2026-03,"2,167.00"
41,2026-04,"2,368.00"
41,2026-05,"2,397.00"
41,2026-06,"1,889.00"
41,2026-07,"1,360.00"
42,2023-01,"7,324.00"
42,2023-02,"7,177.00"
42,2023-03,"8,103.00"
42,2023-04,"7,417.00"
42,2023-05,"8,684.00"
42,2023-06,"7,926.00"
42,2023-07,"5,871.00"
42,2023-08,"6,271.00"
42,2023-09,"7,431.00"
42,2023-10,"7,951.00"
42,2023-11,"7,206.00"
42,2023-12,"6,726.00"
42,2024-01,"6,847.00"
42,2024-02,"7,780.00"
42,2024-03,"8,078.00"
42,2024-04,"7,943.00"
42,2024-05,"8,337.00"
42,2024-06,"7,197.00"
42,2024-07,"5,999.00"
42,2024-08,"7,087.00"
42,2024-09,"7,927.00"
42,2024-10,"8,825.00"
42,2024-11,"7,433.00"
42,2024-12,"7,125.00"
42,2025-01,"7,912.00"
42,2025-02,"6,191.00"
42,2025-03,"8,574.00"
42,2025-04,"8,597.00"
42,2025-05,"9,224.00"
42,2025-06,"8,170.00"
42,2025-07,"6,574.00"
42,2025-08,"6,482.00"
42,2025-09,"7,879.00"
42,2025-10,"9,542.00"
42,2025-11,"7,125.00"
42,2025-12,"7,136.00"
42,2026-01,"7,934.00"
42,2026-02,"6,862.00"
42,2026-03,"8,583.00"
42,2026-04,"8,677.00"
42,2026-05,"8,652.00"
42,2026-06,"8,334.00"
42,2026-07,"5,993.00"
47,2023-01,"7,902.00"
47,2023-02,"7,596.00"
47,2023-03,"8,675.00"
47,2023-04,"7,684.00"
47,2023-05,"9,342.00"
47,2023-06,"8,739.00"
47,2023-07,"7,869.00"
47,2023-08,"8,552.00"
47,2023-09,"10,299.00"
47,2023-10,"11,166.00"
47,2023-11,"9,959.00"
47,2023-12,"8,733.00"
47,2024-01,"8,793.00"
47,2024-02,"9,897.00"
47,2024-03,"10,013.00"
47,2024-04,"10,184.00"
47,2024-05,"10,562.00"
47,2024-06,"10,559.00"
47,2024-07,"9,675.00"
47,2024-08,"10,562.00"
47,2024-09,"12,294.00"
47,2024-10,"13,343.00"
47,2024-11,"10,607.00"
47,2024-12,"9,360.00"
47,2025-01,"9,781.00"
47,2025-02,"9,531.00"
47,2025-03,"11,252.00"
47,2025-04,"11,310.00"
47,2025-05,"11,868.00"
47,2025-06,"10,557.00"
47,2025-07,"9,881.00"
47,2025-08,"10,586.00"
47,2025-09,"12,332.00"
47,2025-10,"13,639.00"
47,2025-11,"11,465.00"
47,2025-12,"10,372.00"
47,2026-01,"10,779.00"
47,2026-02,"10,435.00"
47,2026-03,"11,693.00"
47,2026-04,"11,693.00"
47,2026-05,"12,221.00"
47,2026-06,"11,737.00"
47,2026-07,"8,560.00"
48,2023-01,"4,268.00"
48,2023-02,"4,075.00"
48,2023-03,"4,907.00"
48,2023-04,"4,336.00"
48,2023-05,"5,023.00"
48,2023-06,"4,828.00"
48,2023-07,"4,201.00"
48,2023-08,"4,677.00"
48,2023-09,"5,226.00"
48,2023-10,"5,619.00"
48,2023-11,"5,267.00"
48,2023-12,"4,738.00"
48,2024-01,"4,841.00"
48,2024-02,"5,392.00"
48,2024-03,"5,635.00"
48,2024-04,"5,772.00"
48,2024-05,"6,111.00"
48,2024-06,"5,352.00"
48,2024-07,"5,007.00"
48,2024-08,"5,184.00"
48,2024-09,"5,650.00"
48,2024-10,"6,569.00"
48,2024-11,"4,994.00"
48,2024-12,"5,113.00"
48,2025-01,"5,709.00"
48,2025-02,"5,288.00"
48,2025-03,"6,055.00"
48,2025-04,"6,287.00"
48,2025-05,"6,182.00"
48,2025-06,"5,400.00"
48,2025-07,"4,772.00"
48,2025-08,"4,855.00"
48,2025-09,"6,187.00"
48,2025-10,"6,711.00"
48,2025-11,"5,524.00"
48,2025-12,"5,372.00"
48,2026-01,"5,725.00"
48,2026-02,"5,387.00"
48,2026-03,"5,890.00"
48,2026-04,"5,944.00"
48,2026-05,"6,150.00"
48,2026-06,"5,720.00"
48,2026-07,"4,526.00"
50,2024-08,545
50,2024-09,"2,284.00"
50,2024-10,"2,448.00"
50,2024-11,"2,136.00"
50,2024-12,"2,344.00"
50,2025-01,"2,145.00"
50,2025-02,"1,907.00"
50,2025-03,"2,596.00"
50,2025-04,"2,518.00"
50,2025-05,"2,588.00"
50,2025-06,"2,788.00"
50,2025-07,"2,648.00"
50,2025-08,"2,840.00"
50,2025-09,"2,349.00"
50,2025-10,"2,704.00"
50,2025-11,"2,373.00"
50,2025-12,"2,700.00"
50,2026-01,"2,947.00"
50,2026-02,"2,849.00"
50,2026-03,"2,853.00"
50,2026-04,"2,696.00"
50,2026-05,"2,721.00"
50,2026-06,"2,947.00"
50,2026-07,"2,741.00"
64,2023-01,"3,028.00"
64,2023-02,"2,712.00"
64,2023-03,"4,081.00"
64,2023-04,"4,690.00"
64,2023-05,"5,874.00"
64,2023-06,"5,405.00"
64,2023-07,"4,166.00"
64,2023-08,"4,621.00"
64,2023-09,"5,424.00"
64,2023-10,"6,035.00"
64,2023-11,"4,848.00"
64,2023-12,"4,188.00"
64,2024-01,"4,017.00"
64,2024-02,"4,637.00"
64,2024-03,"5,973.00"
64,2024-04,"5,789.00"
64,2024-05,"5,808.00"
64,2024-06,"5,839.00"
64,2024-07,"5,060.00"
64,2024-08,"5,830.00"
64,2024-09,"6,528.00"
64,2024-10,"7,413.00"
64,2024-11,"5,735.00"
64,2024-12,"5,019.00"
64,2025-01,"5,145.00"
64,2025-02,"4,722.00"
64,2025-03,"5,990.00"
64,2025-04,"6,375.00"
64,2025-05,"6,417.00"
64,2025-06,"5,623.00"
64,2025-07,"4,695.00"
64,2025-08,"4,970.00"
64,2025-09,"6,041.00"
64,2025-10,"6,269.00"
64,2025-11,"5,277.00"
64,2025-12,"4,959.00"
64,2026-01,"5,514.00"
64,2026-02,"5,615.00"
64,2026-03,"6,494.00"
64,2026-04,"6,142.00"
64,2026-05,"6,731.00"
64,2026-06,"5,655.00"
64,2026-07,"4,951.00"
65,2023-01,"6,810.00"
65,2023-02,"6,540.00"
65,2023-03,"8,004.00"
65,2023-04,"6,975.00"
65,2023-05,"8,490.00"
65,2023-06,"7,108.00"
65,2023-07,"5,937.00"
65,2023-08,"6,391.00"
65,2023-09,"7,999.00"
65,2023-10,"8,692.00"
65,2023-11,"7,272.00"
65,2023-12,"6,295.00"
65,2024-01,"6,039.00"
65,2024-02,"6,984.00"
65,2024-03,"7,582.00"
65,2024-04,"6,761.00"
65,2024-05,"8,429.00"
65,2024-06,"6,964.00"
65,2024-07,"6,200.00"
65,2024-08,"6,904.00"
65,2024-09,"7,737.00"
65,2024-10,"9,377.00"
65,2024-11,"6,815.00"
65,2024-12,"6,851.00"
65,2025-01,"7,604.00"
65,2025-02,"7,128.00"
65,2025-03,"8,720.00"
65,2025-04,"9,143.00"
65,2025-05,"9,096.00"
65,2025-06,"7,266.00"
65,2025-07,"6,208.00"
65,2025-08,"6,968.00"
65,2025-09,"9,403.00"
65,2025-10,"9,683.00"
65,2025-11,"7,095.00"
65,2025-12,"6,945.00"
65,2026-01,"7,582.00"
65,2026-02,"7,859.00"
65,2026-03,"8,976.00"
65,2026-04,"9,141.00"
65,2026-05,"9,775.00"
65,2026-06,"8,973.00"
65,2026-07,"6,374.00"
67,2023-01,"3,878.00"
67,2023-02,"4,008.00"
67,2023-03,"4,564.00"
67,2023-04,"4,470.00"
67,2023-05,"5,060.00"
67,2023-06,"5,152.00"
67,2023-07,"4,444.00"
67,2023-08,"4,924.00"
67,2023-09,"4,734.00"
67,2023-10,"5,469.00"
67,2023-11,"4,611.00"
67,2023-12,"4,245.00"
67,2024-01,"4,349.00"
67,2024-02,"4,954.00"
67,2024-03,"6,063.00"
67,2024-04,"6,209.00"
67,2024-05,"6,758.00"
67,2024-06,"6,326.00"
67,2024-07,"6,230.00"
67,2024-08,"6,517.00"
67,2024-09,"5,813.00"
67,2024-10,"7,015.00"
67,2024-11,"5,466.00"
67,2024-12,"5,027.00"
67,2025-01,"5,558.00"
67,2025-02,"5,313.00"
67,2025-03,"6,365.00"
67,2025-04,"6,878.00"
67,2025-05,"6,519.00"
67,2025-06,"5,808.00"
67,2025-07,"5,848.00"
67,2025-08,"5,972.00"
67,2025-09,"7,676.00"
67,2025-10,"9,230.00"
67,2025-11,"6,876.00"
67,2025-12,"6,572.00"
67,2026-01,"7,216.00"
67,2026-02,"7,498.00"
67,2026-03,"8,303.00"
67,2026-04,"7,984.00"
67,2026-05,"8,248.00"
67,2026-06,"8,084.00"
67,2026-07,"6,055.00"
68,2025-06,"1,040.00"
68,2025-07,"2,221.00"
68,2025-08,"2,185.00"
68,2025-09,"5,467.00"
68,2025-10,"6,156.00"
68,2025-11,"4,120.00"
68,2025-12,"3,106.00"
68,2026-01,"4,557.00"
68,2026-02,"4,577.00"
68,2026-03,"5,066.00"
68,2026-04,"5,203.00"
68,2026-05,"5,205.00"
68,2026-06,"3,755.00"
